"diversity","k-means","k-plus","k-plus-skew-kurtosis","random"
"diversity",1,0.0113583270791562,0.0120809985868706,0.0122262895569679,0.0107196590137179
"k-means",0.0113583270791562,1,0.0114731699690301,0.0113109945083052,0.0107163105742902
"k-plus",0.0120809985868706,0.0114731699690301,1,0.0214515187399344,0.0106943726640853
"k-plus-skew-kurtosis",0.0122262895569679,0.0113109945083052,0.0214515187399344,1,0.0108266943980063
"random",0.0107196590137179,0.0107163105742902,0.0106943726640853,0.0108266943980063,1
